<?xml version="1.0" encoding="UTF-8"?>
<beans xmlns="http://www.springframework.org/schema/beans"
       xmlns:xsi="http://www.w3.org/2001/XMLSchema-instance"
       xmlns:context="http://www.springframework.org/schema/context" 
       xsi:schemaLocation="http://www.springframework.org/schema/beans 
       http://www.springframework.org/schema/beans/spring-beans.xsd 
       http://www.springframework.org/schema/context 
       http://www.springframework.org/schema/context/spring-context.xsd">
    <context:component-scan base-package="com.lyf" />

    <!-- ActiveMQ 提供连接工厂-->
    <bean id="amqConnectionFactory" class="org.apache.activemq.ActiveMQConnectionFactory">
        <property name="brokerURL" value="tcp://192.168.184.200:61616"></property>
        <property name="userName" value="admin"></property>
        <property name="password" value="admin"></property>
    </bean>
    <!-- 配置JMS连接 -->
    <bean id="connectionFactory"
          class="org.springframework.jms.connection.SingleConnectionFactory">
        <constructor-arg ref="amqConnectionFactory" />
    </bean>

    <!-- 定义消息队列 -->
    <bean id="queueDestination" class="org.apache.activemq.command.ActiveMQQueue">
        <!-- 设置消息队列的名字 -->
        <constructor-arg value="queue"></constructor-arg>
    </bean>
    
    <bean id="topicDestination" class="org.apache.activemq.command.ActiveMQTopic">
        <!-- 设置消息队列的名字 -->
        <constructor-arg value="topic"></constructor-arg>
    </bean>

    <!-- 配置JMS模板 -->
    <bean id="jmsTemplate" class="org.springframework.jms.core.JmsTemplate">
        <property name="connectionFactory" ref="connectionFactory" />
    </bean>

    <!-- 配置消息队列监听者 -->
    <bean id="consumerMessageListener" class="com.lyf.spring.ConsumerMessageListener" />

    <!-- 消息监听容器-->
    <bean id="queueListenerContainer"
          class="org.springframework.jms.listener.DefaultMessageListenerContainer">
        <property name="connectionFactory" ref="connectionFactory" />
        <property name="destination" ref="queueDestination" />
        <!--<property name="destination" ref="topicDestination" />-->
        <property name="messageListener" ref="consumerMessageListener" />
    </bean>
</beans>