<?xml version="1.0" encoding="UTF-8"?>
<beans xmlns="http://www.springframework.org/schema/beans"
       xmlns:xsi="http://www.w3.org/2001/XMLSchema-instance" xmlns:mvc="http://www.springframework.org/schema/mvc"
       xmlns:context="http://www.springframework.org/schema/context"
       xmlns:aop="http://www.springframework.org/schema/aop" xmlns:tx="http://www.springframework.org/schema/tx"
       xsi:schemaLocation="
        http://www.springframework.org/schema/mvc
        http://www.springframework.org/schema/mvc/spring-mvc.xsd
        http://www.springframework.org/schema/beans
        http://www.springframework.org/schema/beans/spring-beans.xsd
        http://www.springframework.org/schema/context
        http://www.springframework.org/schema/context/spring-context.xsd
        http://www.springframework.org/schema/aop
        http://www.springframework.org/schema/aop/spring-aop.xsd
        http://www.springframework.org/schema/tx
        http://www.springframework.org/schema/tx/spring-tx.xsd">
    <!-- 扫描com.lyf 下包 -->
    <context:component-scan base-package="com.lyf.controller" />
    <aop:aspectj-autoproxy />
    <bean id="freemarkerConfig"
          class="org.springframework.web.servlet.view.freemarker.FreeMarkerConfigurer">
        <property name="templateLoaderPath" value="/WEB-INF/views/" />
        <property name="defaultEncoding" value="UTF-8" />
    </bean>
    <bean class="org.springframework.web.servlet.view.freemarker.FreeMarkerViewResolver">
        <property name="prefix" value="" />
        <property name="suffix" value=".ftl" />
        <property name="contentType" value="text/html;charset=UTF-8" />
    </bean>

    <!-- mvc 注解驱动 并添加json 支持 -->
    <mvc:annotation-driven>
        <mvc:message-converters>
            <!-- 返回信息为字符串时 处理 -->
            <bean class="org.springframework.http.converter.StringHttpMessageConverter"></bean>
            <!-- 将对象转换为json 对象 -->
            <bean class="org.springframework.http.converter.json.MappingJackson2HttpMessageConverter"></bean>
        </mvc:message-converters>
    </mvc:annotation-driven>

    <!-- 静态资源文件的处理放行 配置方式一 -->
     <mvc:default-servlet-handler />
</beans>
